{"cameraMode":{"drawMode":0,"name":"Shaded","section":"Shading Mode"},"sceneLighting":false,"audioPlay":false,"sceneViewState":{"m_AlwaysRefresh":false,"showFog":true,"showSkybox":false,"showFlares":true,"showImageEffects":true,"showParticleSystems":true,"showVisualEffectGraphs":true,"m_FxEnabled":true},"in2DMode":false,"pivot":{"x":0.15457391738891602,"y":1.1100000143051148,"z":-4.616000175476074},"rotation":{"x":0.24889549612998963,"y":-0.3426574468612671,"z":0.09433186054229737,"w":0.9010610580444336},"size":0.21650634706020356,"orthographic":false}