{"cameraMode":{"drawMode":0,"name":"Shaded","section":"Shading Mode"},"sceneLighting":true,"audioPlay":false,"sceneViewState":{"m_AlwaysRefresh":false,"showFog":true,"showSkybox":true,"showFlares":true,"showImageEffects":true,"showParticleSystems":true,"showVisualEffectGraphs":true,"m_FxEnabled":true},"in2DMode":false,"pivot":{"x":7.516229152679443,"y":-15.208990097045899,"z":5.818849563598633},"rotation":{"x":0.3973791003227234,"y":-0.31797412037849429,"z":0.14903761446475984,"w":0.8477997183799744},"size":22.823396682739259,"orthographic":false}